{
	"description": "项目配置文件。",
	"setting": {
		"urlCheck": true,
		"es6": true,
		"postcss": true,
		"minified": true,
		"newFeature": true,
		"autoAudits": false
	},
	"miniprogramRoot": "dist/wx/",
	"compileType": "miniprogram",
	"appid": "wx3375420e2c184d34",
	"projectname": "%E4%B8%80%E9%9D%A2%E8%80%8C%E5%B0%B1",
	"simulatorType": "wechat",
	"simulatorPluginLibVersion": {},
	"condition": {
		"search": {
			"current": -1,
			"list": []
		},
		"conversation": {
			"current": -1,
			"list": []
		},
		"plugin": {
			"current": -1,
			"list": []
		},
		"game": {
			"currentL": -1,
			"list": []
		},
		"miniprogram": {
			"current": 4,
			"list": [
				{
					"id": 0,
					"name": "匹配地址",
					"pathName": "pages/sign/search/main",
					"query": "",
					"scene": null
				},
				{
					"id": 1,
					"name": "添加面试",
					"pathName": "pages/sign/add/main",
					"query": "",
					"scene": null
				},
				{
					"id": -1,
					"name": "我的页面",
					"pathName": "pages/my/main",
					"query": "",
					"scene": null
				},
				{
					"id": -1,
					"name": "面试列表",
					"pathName": "pages/sign/list/main",
					"query": "",
					"scene": null
				},
				{
					"id": 4,
					"name": "面试详情",
					"pathName": "pages/sign/detail/main",
					"query": "id=669",
					"scene": null
				},
				{
					"id": -1,
					"name": "打卡页面",
					"pathName": "pages/sign/sign/main",
					"query": "",
					"scene": null
				}
			]
		}
	}
}